Species,Comparisons,
Abra Kadabra Alakazam,![](./Comparisons/abra kadabra alakazam.png),
Absol,![](./Comparisons/absol.png),
Anorith Armaldo,![](./Comparisons/anorith armaldo.png),
Arceus,![](./Comparisons/arceus.png),
Archen Archeops,![](./Comparisons/archen archeops.png),
Aron Lairon Aggron,![](./Comparisons/aron lairon aggron.png),
Articuno,![](./Comparisons/articuno.png),
Audino,![](./Comparisons/audino.png),
Axew Fraxure Haxorus,![](./Comparisons/axew fraxure haxorus.png),
Azurill Marill Azumarill,![](./Comparisons/azurill marill azumarill.png),
Bagon Shelgon Salamence,![](./Comparisons/bagon shelgon salamence.png),
Barboach Whiscash,![](./Comparisons/barboach whiscash.png),
Bellsprout Weepinbell Victreebel,![](./Comparisons/bellsprout weepinbell victreebel.png),
Bidoof Bibarel,![](./Comparisons/bidoof bibarel.png),
Blitzle Zebstrika,![](./Comparisons/blitzle zebstrika.png),
Budew Roselia Roserade,![](./Comparisons/budew roselia roserade.png),
Buizel Floatzel,![](./Comparisons/buizel floatzel.png),
Bulbasaur Ivysaur Venusaur,![](./Comparisons/bulbasaur ivysaur venusaur.png),
Buneary Lopunny,![](./Comparisons/buneary lopunny.png),
Bunnelby Diggersby,![](./Comparisons/bunnelby diggersby.png),
Buzzwole,![](./Comparisons/buzzwole.png),
Caterpie Metapod Butterfree,![](./Comparisons/caterpie metapod butterfree.png),
Celebi,![](./Comparisons/celebi.png),
Charmander Charmeleon Charizard,![](./Comparisons/charmander charmeleon charizard.png),
Chatot,![](./Comparisons/chatot.png),
Chespin Quilladin Chesnaught,![](./Comparisons/chespin quilladin chesnaught.png),
Chikorita Bayleef Meganium,![](./Comparisons/chikorita bayleef meganium.png),
Chimchar Monferno Infernape,![](./Comparisons/chimchar monferno infernape.png),
Chingling Chimecho,![](./Comparisons/chingling chimecho.png),
Cobalion,![](./Comparisons/cobalion.png),
Corphish Crawdaunt,![](./Comparisons/corphish crawdaunt.png),
Cranidos Rampardos,![](./Comparisons/cranidos rampardos.png),
Cresselia,![](./Comparisons/cresselia.png),
Croagunk Toxicroak,![](./Comparisons/croagunk toxicroak.png),
Cubone Marowak (Alola),![](./Comparisons/cubone marowak (alola).png),
Cubone Marowak ,![](./Comparisons/cubone marowak .png),
Cutiefly Ribombee,![](./Comparisons/cutiefly ribombee.png),
Cyndaquil Quilava Typhlosion,![](./Comparisons/cyndaquil quilava typhlosion.png),
Darkrai,![](./Comparisons/darkrai.png),
Darumaka Darmanitan,![](./Comparisons/darumaka darmanitan.png),
Dedenne,![](./Comparisons/dedenne.png),
Deerling Sawsbuck,![](./Comparisons/deerling sawsbuck.png),
Deino Zweilous Hydreigon,![](./Comparisons/deino zweilous hydreigon.png),
Deoxys,![](./Comparisons/deoxys.png),
Dialga,![](./Comparisons/dialga.png),
Diglett Dugtrio,![](./Comparisons/diglett dugtrio.png),
Ditto,![](./Comparisons/ditto.png),
Dratini Dragonair Dragonite,![](./Comparisons/dratini dragonair dragonite.png),
Drillbur Excadrill,![](./Comparisons/drillbur excadrill.png),
Drowzee Hypno,![](./Comparisons/drowzee hypno.png),
Druddigon,![](./Comparisons/druddigon.png),
Ducklett Swanna,![](./Comparisons/ducklett swanna.png),
Dunsparce,![](./Comparisons/dunsparce.png),
Duskull Dusclops Dusknoir,![](./Comparisons/duskull dusclops dusknoir.png),
Dwebble Crustle,![](./Comparisons/dwebble crustle.png),
Eevee Espeon,![](./Comparisons/eevee espeon.png),
Eevee Flareon,![](./Comparisons/eevee flareon.png),
Eevee Glaceon,![](./Comparisons/eevee glaceon.png),
Eevee Jolteon,![](./Comparisons/eevee jolteon.png),
Eevee Leafeon,![](./Comparisons/eevee leafeon.png),
Eevee Sylveon,![](./Comparisons/eevee sylveon.png),
Eevee Umbreon,![](./Comparisons/eevee umbreon.png),
Eevee Vaporeon,![](./Comparisons/eevee vaporeon.png),
Ekans Arbok,![](./Comparisons/ekans arbok.png),
Electrike Manectric,![](./Comparisons/electrike manectric.png),
Elekid Electabuzz Electivire,![](./Comparisons/elekid electabuzz electivire.png),
Elgyem Beheeyem,![](./Comparisons/elgyem beheeyem.png),
Emolga,![](./Comparisons/emolga.png),
Entei,![](./Comparisons/entei.png),
Espurr Meowstic,![](./Comparisons/espurr meowstic.png),
Farfetch'd,![](./Comparisons/farfetch'd.png),
Fennekin Braixen Delphox,![](./Comparisons/fennekin braixen delphox.png),
Fletchling Fletchinder Talonflame,![](./Comparisons/fletchling fletchinder talonflame.png),
Fomantis Lurantis,![](./Comparisons/fomantis lurantis.png),
Foongus Amoongus,![](./Comparisons/foongus amoongus.png),
Froakie Frogadier Greninja,![](./Comparisons/froakie frogadier greninja.png),
Furfrou,![](./Comparisons/furfrou.png),
Gastly Haunter Gengar,![](./Comparisons/gastly haunter gengar.png),
Genesect,![](./Comparisons/genesect.png),
Geodude Graveler Golem,![](./Comparisons/geodude graveler golem.png),
Ghastly Haunter Gengar,![](./Comparisons/ghastly haunter gengar.png),
Gible Gabite Garchomp,![](./Comparisons/gible gabite garchomp.png),
Girafarig,![](./Comparisons/girafarig.png),
Giratina,![](./Comparisons/giratina.png),
Glameow Purugly,![](./Comparisons/glameow purugly.png),
Goomy Sliggoo Goodra,![](./Comparisons/goomy sliggoo goodra.png),
Groudon,![](./Comparisons/groudon.png),
Gulpin Swalot,![](./Comparisons/gulpin swalot.png),
Happiny Chansey Blissey,![](./Comparisons/happiny chansey blissey.png),
Heatmor,![](./Comparisons/heatmor.png),
Helioptile Heliolisk,![](./Comparisons/helioptile heliolisk.png),
Ho Oh,![](./Comparisons/ho oh.png),
Hoppip Skiploom Jumpluff,![](./Comparisons/hoppip skiploom jumpluff.png),
Igglybuff Jigglypuff Wigglytuff,![](./Comparisons/igglybuff jigglypuff wigglytuff.png),
Jangmo o Hakamo o Kommo o,![](./Comparisons/jangmo o hakamo o kommo o.png),
Jirachi,![](./Comparisons/jirachi.png),
Joltik Galvantula,![](./Comparisons/joltik galvantula.png),
Kabuto Kabutops,![](./Comparisons/kabuto kabutops.png),
Kangaskhan,![](./Comparisons/kangaskhan.png),
Kartana,![](./Comparisons/kartana.png),
Kecleon,![](./Comparisons/kecleon.png),
Keldeo,![](./Comparisons/keldeo.png),
Koffing Wheezing,![](./Comparisons/koffing wheezing.png),
Kyogre,![](./Comparisons/kyogre.png),
Kyurem,![](./Comparisons/kyurem.png),
Lapras,![](./Comparisons/lapras.png),
Larvesta Volcarona,![](./Comparisons/larvesta volcarona.png),
Larvitar Pupitar Tyranitar,![](./Comparisons/larvitar pupitar tyranitar.png),
Latias,![](./Comparisons/latias.png),
Latios,![](./Comparisons/latios.png),
Lileep Cradily,![](./Comparisons/lileep cradily.png),
Lillipup Herdier Stoutland,![](./Comparisons/lillipup herdier stoutland.png),
Litten Torracat Incineroar,![](./Comparisons/litten torracat incineroar.png),
Litwick Lampent Chandelure,![](./Comparisons/litwick lampent chandelure.png),
Lotad Lombre Ludicolo,![](./Comparisons/lotad lombre ludicolo.png),
Lugia,![](./Comparisons/lugia.png),
Lunala,![](./Comparisons/lunala.png),
Machop Machoke Machamp,![](./Comparisons/machop machoke machamp.png),
Magnemite Magneton Magnezone,![](./Comparisons/magnemite magneton magnezone.png),
Makuhita Hariyama,![](./Comparisons/makuhita hariyama.png),
Manaphy,![](./Comparisons/manaphy.png),
Mankey Primeape,![](./Comparisons/mankey primeape.png),
Mareep Flaaffy Ampharos,![](./Comparisons/mareep flaaffy ampharos.png),
Marshadow,![](./Comparisons/marshadow.png),
Mawile,![](./Comparisons/mawile.png),
Meditite Medicham,![](./Comparisons/meditite medicham.png),
Meloetta,![](./Comparisons/meloetta.png),
Meowth Persian,![](./Comparisons/meowth persian.png),
Mew,![](./Comparisons/mew.png),
Mewtwo,![](./Comparisons/mewtwo.png),
Mienfoo Mienshao,![](./Comparisons/mienfoo mienshao.png),
Milotic,![](./Comparisons/milotic.png),
Miltank,![](./Comparisons/miltank.png),
Minccino Cinccino,![](./Comparisons/minccino cinccino.png),
Minun,![](./Comparisons/minun.png),
Moltres,![](./Comparisons/moltres.png),
Mudkip Marshtomp Swampert,![](./Comparisons/mudkip marshtomp swampert.png),
Munchlax Snorlax,![](./Comparisons/munchlax snorlax.png),
Munna Musharna,![](./Comparisons/munna musharna.png),
Murkrow Honchkrow,![](./Comparisons/murkrow honchkrow.png),
Natu Xatu,![](./Comparisons/natu xatu.png),
Necrozma,![](./Comparisons/necrozma.png),
Nidoran Nidorina Nidoqueen,![](./Comparisons/nidoran nidorina nidoqueen.png),
Nidoran Nidorino Nidoking,![](./Comparisons/nidoran nidorino nidoking.png),
Nihilego,![](./Comparisons/nihilego.png),
Noibat Noivern,![](./Comparisons/noibat noivern.png),
Omanyte Omastar,![](./Comparisons/omanyte omastar.png),
Oricorio (Pom Pom),![](./Comparisons/oricorio (pom pom).png),
Oshawott Dewott Samurott,![](./Comparisons/oshawott dewott samurott.png),
Pachirisu,![](./Comparisons/pachirisu.png),
Palkia,![](./Comparisons/palkia.png),
Pancham Pangoro,![](./Comparisons/pancham pangoro.png),
Panpour Simipour,![](./Comparisons/panpour simipour.png),
Pansage Simisage,![](./Comparisons/pansage simisage.png),
Pansear Simisear,![](./Comparisons/pansear simisear.png),
Patrat Watchog,![](./Comparisons/patrat watchog.png),
Pawniard Bisharp,![](./Comparisons/pawniard bisharp.png),
Petilil Lilligant,![](./Comparisons/petilil lilligant.png),
Phione,![](./Comparisons/phione.png),
Pichu Pikachu Raichu (Alola),![](./Comparisons/pichu pikachu raichu (alola).png),
Pichu Pikachu Raichu,![](./Comparisons/pichu pikachu raichu.png),
Pidove Tranquill Unfeazant,![](./Comparisons/pidove tranquill unfeazant.png),
Pikipek Trumbeak Toucannon,![](./Comparisons/pikipek trumbeak toucannon.png),
Piplup Prinplup Empoleon,![](./Comparisons/piplup prinplup empoleon.png),
Plusle,![](./Comparisons/plusle.png),
Poliwag Poliwhirl Politoed,![](./Comparisons/poliwag poliwhirl politoed.png),
Poliwag Poliwhirl Poliwrath,![](./Comparisons/poliwag poliwhirl poliwrath.png),
Poochyena Mightyena,![](./Comparisons/poochyena mightyena.png),
Popplio Brionne Primarina,![](./Comparisons/popplio brionne primarina.png),
Purrloin Liepard,![](./Comparisons/purrloin liepard.png),
Raikou,![](./Comparisons/raikou.png),
Ralts Kirlia Gallade,![](./Comparisons/ralts kirlia gallade.png),
Ralts Kirlia Gardevoir,![](./Comparisons/ralts kirlia gardevoir.png),
Rattata Raticate,![](./Comparisons/rattata raticate.png),
Rayquaza,![](./Comparisons/rayquaza.png),
Remoraid Octillery,![](./Comparisons/remoraid octillery.png),
Reshiram,![](./Comparisons/reshiram.png),
Rhyhorn Rhydon Rhyperior,![](./Comparisons/rhyhorn rhydon rhyperior.png),
Riolu Lucario,![](./Comparisons/riolu lucario.png),
Rockruff Lycanroc,![](./Comparisons/rockruff lycanroc.png),
Roggenrola Boldore Gigalith,![](./Comparisons/roggenrola boldore gigalith.png),
Rowlet Dartrix Decidueye,![](./Comparisons/rowlet dartrix decidueye.png),
Rufflet Braviary,![](./Comparisons/rufflet braviary.png),
Sableye,![](./Comparisons/sableye.png),
Salandit Salazzle,![](./Comparisons/salandit salazzle.png),
Sandile Krokorok Krookodile,![](./Comparisons/sandile krokorok krookodile.png),
Sandshrew Sandslash (Alola),![](./Comparisons/sandshrew sandslash (alola).png),
Sandshrew Sandslash,![](./Comparisons/sandshrew sandslash.png),
Scraggy Scrafty,![](./Comparisons/scraggy scrafty.png),
Seedot Nuzleaf Shiftry,![](./Comparisons/seedot nuzleaf shiftry.png),
Sentret Furret,![](./Comparisons/sentret furret.png),
Seviper,![](./Comparisons/seviper.png),
Sewaddle Swadloon Leavanny,![](./Comparisons/sewaddle swadloon leavanny.png),
Shaymin,![](./Comparisons/shaymin.png),
Shelmet Accelgor,![](./Comparisons/shelmet accelgor.png),
Shinx Luxio Luxray,![](./Comparisons/shinx luxio luxray.png),
Shroomish Breloom,![](./Comparisons/shroomish breloom.png),
Shuckle,![](./Comparisons/shuckle.png),
Shuppet Banette,![](./Comparisons/shuppet banette.png),
Skarmory,![](./Comparisons/skarmory.png),
Skitty Delcatty,![](./Comparisons/skitty delcatty.png),
Skorupi Drapion,![](./Comparisons/skorupi drapion.png),
Slakoth Vigoroth Slaking,![](./Comparisons/slakoth vigoroth slaking.png),
Slowpoke Slowking,![](./Comparisons/slowpoke slowking.png),
Smeargle,![](./Comparisons/smeargle.png),
Smoochum Jynx,![](./Comparisons/smoochum jynx.png),
Sneasel Weavile,![](./Comparisons/sneasel weavile.png),
Sneasle Weavile,![](./Comparisons/sneasle weavile.png),
Snivy Servine Serperior,![](./Comparisons/snivy servine serperior.png),
Snover Abomasnow,![](./Comparisons/snover abomasnow.png),
Snubbull Granbull,![](./Comparisons/snubbull granbull.png),
Solgaleo,![](./Comparisons/solgaleo.png),
Spinda,![](./Comparisons/spinda.png),
Spoink Grumpig,![](./Comparisons/spoink grumpig.png),
Squirtle Wartortle Blastoise,![](./Comparisons/squirtle wartortle blastoise.png),
Starly Staravia Staraptor,![](./Comparisons/starly staravia staraptor.png),
Stunky Skuntank,![](./Comparisons/stunky skuntank.png),
Suicune,![](./Comparisons/suicune.png),
Sunkern Sunflora,![](./Comparisons/sunkern sunflora.png),
Swinub Piloswine Mamoswine,![](./Comparisons/swinub piloswine mamoswine.png),
Swirlix Slurpuff,![](./Comparisons/swirlix slurpuff.png),
Taillow Swellow,![](./Comparisons/taillow swellow.png),
Tauros,![](./Comparisons/tauros.png),
Teddiursa Ursaring,![](./Comparisons/teddiursa ursaring.png),
Tentacool Tentacruel,![](./Comparisons/tentacool tentacruel.png),
Tepig Pignite Emboar,![](./Comparisons/tepig pignite emboar.png),
Terrakion,![](./Comparisons/terrakion.png),
Timburr Gurdurr Conkeldurr,![](./Comparisons/timburr gurdurr conkeldurr.png),
Tirtouga Carracosta,![](./Comparisons/tirtouga carracosta.png),
Togepi Togetic Togekiss,![](./Comparisons/togepi togetic togekiss.png),
Torchic Combusken Blaziken,![](./Comparisons/torchic combusken blaziken.png),
Torkoal,![](./Comparisons/torkoal.png),
Totodile Croconaw Feraligatr,![](./Comparisons/totodile croconaw feraligatr.png),
Trapinch Vibrava Flygon,![](./Comparisons/trapinch vibrava flygon.png),
Treecko Grovyle Sceptile,![](./Comparisons/treecko grovyle sceptile.png),
Tropius,![](./Comparisons/tropius.png),
Trubbish Garbodor,![](./Comparisons/trubbish garbodor.png),
Turtwig Grotle Torterra,![](./Comparisons/turtwig grotle torterra.png),
TypeNull Silvally,![](./Comparisons/typenull silvally.png),
Venipede Whirlipede Scolipede,![](./Comparisons/venipede whirlipede scolipede.png),
Victini,![](./Comparisons/victini.png),
Virizion,![](./Comparisons/virizion.png),
Vulpix Ninetales (Alola),![](./Comparisons/vulpix ninetales (alola).png),
Vulpix Ninetales,![](./Comparisons/vulpix ninetales.png),
Whismur Loudred Exploud,![](./Comparisons/whismur loudred exploud.png),
Wimpod Golisopod,![](./Comparisons/wimpod golisopod.png),
Wingull Pelipper,![](./Comparisons/wingull pelipper.png),
Wooper Quagsire,![](./Comparisons/wooper quagsire.png),
Wurmple Silcoon Beautifly,![](./Comparisons/wurmple silcoon beautifly.png),
Wynaut Wobbufett,![](./Comparisons/wynaut wobbufett.png),
Xerneas,![](./Comparisons/xerneas.png),
Yamask Cofagrigus,![](./Comparisons/yamask cofagrigus.png),
Yveltal,![](./Comparisons/yveltal.png),
Zangoose,![](./Comparisons/zangoose.png),
Zapdos,![](./Comparisons/zapdos.png),
Zekrom,![](./Comparisons/zekrom.png),
Zeraora,![](./Comparisons/zeraora.png),
Zigzagoon Linoone,![](./Comparisons/zigzagoon linoone.png),
Zorua Zoroark,![](./Comparisons/zorua zoroark.png),
Zubat Golbat Crobat,![](./Comparisons/zubat golbat crobat.png),
Zygarde,![](./Comparisons/zygarde.png)	,
