Object.IndexNum,"﻿""(Source)""",Object.Name.DefaultText,Object.Title.DefaultText,Object.EXPTable,Object.SkillGroup1,Object.SkillGroup2,Object.JoinRate
0,missingno,Missingno.,???,medium_slow,undiscovered,undiscovered,-25
1,bulbasaur,Bulbasaur,Seed Pokémon,medium_slow,monster,grass,19
2,ivysaur,Ivysaur,Seed Pokémon,medium_slow,monster,grass,-11
3,venusaur,Venusaur,Seed Pokémon,medium_slow,monster,grass,-57
4,charmander,Charmander,Lizard Pokémon,medium_slow,monster,dragon,19
5,charmeleon,Charmeleon,Flame Pokémon,medium_slow,monster,dragon,-11
6,charizard,Charizard,Flame Pokémon,medium_slow,monster,dragon,-57
7,squirtle,Squirtle,Tiny Turtle Pokémon,medium_slow,monster,water_1,19
8,wartortle,Wartortle,Turtle Pokémon,medium_slow,monster,water_1,-11
9,blastoise,Blastoise,Shellfish Pokémon,medium_slow,monster,water_1,-57
10,caterpie,Caterpie,Worm Pokémon,medium_fast,bug,,80
11,metapod,Metapod,Cocoon Pokémon,medium_fast,bug,,12
12,butterfree,Butterfree,Butterfly Pokémon,medium_fast,bug,,-57
13,weedle,Weedle,Hairy Bug Pokémon,medium_fast,bug,,80
14,kakuna,Kakuna,Cocoon Pokémon,medium_fast,bug,,12
15,beedrill,Beedrill,Poison Bee Pokémon,medium_fast,bug,,-57
16,pidgey,Pidgey,Tiny Bird Pokémon,medium_slow,flying,,80
17,pidgeotto,Pidgeotto,Bird Pokémon,medium_slow,flying,,12
18,pidgeot,Pidgeot,Bird Pokémon,medium_slow,flying,,-57
19,rattata,Rattata,Mouse Pokémon,medium_fast,field,,80
20,raticate,Raticate,Mouse Pokémon,medium_fast,field,,-11
21,spearow,Spearow,Tiny Bird Pokémon,medium_fast,flying,,80
22,fearow,Fearow,Beak Pokémon,medium_fast,flying,,-15
23,ekans,Ekans,Snake Pokémon,medium_fast,field,dragon,80
24,arbok,Arbok,Cobra Pokémon,medium_fast,field,dragon,-15
25,pikachu,Pikachu,Mouse Pokémon,medium_fast,field,fairy,35
26,raichu,Raichu,Mouse Pokémon,medium_fast,field,fairy,-51
27,sandshrew,Sandshrew,Mouse Pokémon,medium_fast,field,,80
28,sandslash,Sandslash,Mouse Pokémon,medium_fast,field,,-15
29,nidoran_f,Nidoran♀,Poison Pin Pokémon,medium_slow,monster,field,69
30,nidorina,Nidorina,Poison Pin Pokémon,medium_slow,undiscovered,,12
31,nidoqueen,Nidoqueen,Drill Pokémon,medium_slow,undiscovered,,-57
32,nidoran_m,Nidoran♂,Poison Pin Pokémon,medium_slow,monster,field,69
33,nidorino,Nidorino,Poison Pin Pokémon,medium_slow,monster,field,12
34,nidoking,Nidoking,Drill Pokémon,medium_slow,monster,field,-57
35,clefairy,Clefairy,Fairy Pokémon,fast,fairy,,22
36,clefable,Clefable,Fairy Pokémon,fast,fairy,,-61
37,vulpix,Vulpix,Fox Pokémon,medium_fast,field,,48
38,ninetales,Ninetales,Fox Pokémon,medium_fast,field,,-25
39,jigglypuff,Jigglypuff,Balloon Pokémon,fast,fairy,,25
40,wigglytuff,Wigglytuff,Balloon Pokémon,fast,fairy,,-56
41,zubat,Zubat,Bat Pokémon,medium_fast,flying,,80
42,golbat,Golbat,Bat Pokémon,medium_fast,flying,,-15
43,oddish,Oddish,Weed Pokémon,medium_slow,grass,,80
44,gloom,Gloom,Weed Pokémon,medium_slow,grass,,12
45,vileplume,Vileplume,Flower Pokémon,medium_slow,grass,,-57
46,paras,Paras,Mushroom Pokémon,medium_fast,bug,grass,48
47,parasect,Parasect,Mushroom Pokémon,medium_fast,bug,grass,-25
48,venonat,Venonat,Insect Pokémon,medium_fast,bug,,48
49,venomoth,Venomoth,Poison Moth Pokémon,medium_fast,bug,,-25
50,diglett,Diglett,Mole Pokémon,medium_fast,field,,80
51,dugtrio,Dugtrio,Mole Pokémon,medium_fast,field,,-29
52,meowth,Meowth,Scratch Cat Pokémon,medium_fast,field,,80
53,persian,Persian,Classy Cat Pokémon,medium_fast,field,,-15
54,psyduck,Psyduck,Duck Pokémon,medium_fast,water_1,field,48
55,golduck,Golduck,Duck Pokémon,medium_fast,water_1,field,-25
56,mankey,Mankey,Pig Monkey Pokémon,medium_fast,field,,48
57,primeape,Primeape,Pig Monkey Pokémon,medium_fast,field,,-25
58,growlithe,Growlithe,Puppy Pokémon,slow,field,,48
59,arcanine,Arcanine,Legendary Pokémon,slow,field,,-25
60,poliwag,Poliwag,Tadpole Pokémon,medium_slow,water_1,,80
61,poliwhirl,Poliwhirl,Tadpole Pokémon,medium_slow,water_1,,12
62,poliwrath,Poliwrath,Tadpole Pokémon,medium_slow,water_1,,-57
63,abra,Abra,Psi Pokémon,medium_slow,humanlike,,50
64,kadabra,Kadabra,Psi Pokémon,medium_slow,humanlike,,10
65,alakazam,Alakazam,Psi Pokémon,medium_slow,humanlike,,-56
66,machop,Machop,Superpower Pokémon,medium_slow,humanlike,,46
67,machoke,Machoke,Superpower Pokémon,medium_slow,humanlike,,0
68,machamp,Machamp,Superpower Pokémon,medium_slow,humanlike,,-57
69,bellsprout,Bellsprout,Flower Pokémon,medium_slow,grass,,80
70,weepinbell,Weepinbell,Flycatcher Pokémon,medium_slow,grass,,12
71,victreebel,Victreebel,Flycatcher Pokémon,medium_slow,grass,,-57
72,tentacool,Tentacool,Jellyfish Pokémon,slow,water_3,,48
73,tentacruel,Tentacruel,Jellyfish Pokémon,slow,water_3,,-26
74,geodude,Geodude,Rock Pokémon,medium_slow,mineral,,80
75,graveler,Graveler,Rock Pokémon,medium_slow,mineral,,12
76,golem,Golem,Megaton Pokémon,medium_slow,mineral,,-57
77,ponyta,Ponyta,Fire Horse Pokémon,medium_fast,field,,48
78,rapidash,Rapidash,Fire Horse Pokémon,medium_fast,field,,-26
79,slowpoke,Slowpoke,Dopey Pokémon,medium_fast,monster,water_1,48
80,slowbro,Slowbro,Hermit Crab Pokémon,medium_fast,monster,water_1,-25
81,magnemite,Magnemite,Magnet Pokémon,medium_fast,mineral,,48
82,magneton,Magneton,Magnet Pokémon,medium_fast,mineral,,-26
83,farfetchd,Farfetch'd,Wild Duck Pokémon,medium_fast,flying,field,-10
84,doduo,Doduo,Twin Bird Pokémon,medium_fast,flying,,48
85,dodrio,Dodrio,Triple Bird Pokémon,medium_fast,flying,,-30
86,seel,Seel,Sea Lion Pokémon,medium_fast,water_1,field,48
87,dewgong,Dewgong,Sea Lion Pokémon,medium_fast,water_1,field,-25
88,grimer,Grimer,Sludge Pokémon,medium_fast,amorphous,,48
89,muk,Muk,Sludge Pokémon,medium_fast,amorphous,,-25
90,shellder,Shellder,Bivalve Pokémon,slow,water_3,,48
91,cloyster,Cloyster,Bivalve Pokémon,slow,water_3,,-26
92,gastly,Gastly,Gas Pokémon,medium_slow,amorphous,,48
93,haunter,Haunter,Gas Pokémon,medium_slow,amorphous,,0
94,gengar,Gengar,Shadow Pokémon,medium_slow,amorphous,,-57
95,onix,Onix,Rock Snake Pokémon,medium_fast,mineral,,-10
96,drowzee,Drowzee,Hypnosis Pokémon,medium_fast,humanlike,,48
97,hypno,Hypno,Hypnosis Pokémon,medium_fast,humanlike,,-25
98,krabby,Krabby,River Crab Pokémon,medium_fast,water_3,,63
99,kingler,Kingler,Pincer Pokémon,medium_fast,water_3,,-26
100,voltorb,Voltorb,Ball Pokémon,medium_fast,mineral,,48
101,electrode,Electrode,Ball Pokémon,medium_fast,mineral,,-26
102,exeggcute,Exeggcute,Egg Pokémon,slow,grass,,25
103,exeggutor,Exeggutor,Coconut Pokémon,slow,grass,,-30
104,cubone,Cubone,Lonely Pokémon,medium_fast,monster,,48
105,marowak,Marowak,Bone Keeper Pokémon,medium_fast,monster,,-25
106,hitmonlee,Hitmonlee,Kicking Pokémon,medium_fast,humanlike,,-30
107,hitmonchan,Hitmonchan,Punching Pokémon,medium_fast,humanlike,,-30
108,lickitung,Lickitung,Licking Pokémon,medium_fast,monster,,-10
109,koffing,Koffing,Poison Gas Pokémon,medium_fast,amorphous,,48
110,weezing,Weezing,Poison Gas Pokémon,medium_fast,amorphous,,-26
111,rhyhorn,Rhyhorn,Spikes Pokémon,slow,monster,field,35
112,rhydon,Rhydon,Drill Pokémon,slow,monster,field,-26
113,chansey,Chansey,Egg Pokémon,fast,fairy,,-33
114,tangela,Tangela,Vine Pokémon,medium_fast,grass,,-10
115,kangaskhan,Kangaskhan,Parent Pokémon,medium_fast,monster,,-10
116,horsea,Horsea,Dragon Pokémon,medium_fast,water_1,dragon,63
117,seadra,Seadra,Dragon Pokémon,medium_fast,water_1,dragon,-25
118,goldeen,Goldeen,Goldfish Pokémon,medium_fast,water_2,,63
119,seaking,Seaking,Goldfish Pokémon,medium_fast,water_2,,-26
120,staryu,Staryu,Star Shape Pokémon,slow,water_3,,63
121,starmie,Starmie,Mysterious Pokémon,slow,water_3,,-26
122,mr_mime,Mr. Mime,Barrier Pokémon,medium_fast,humanlike,,-30
123,scyther,Scyther,Mantis Pokémon,medium_fast,bug,,-10
124,jynx,Jynx,Human Shape Pokémon,medium_fast,humanlike,,-30
125,electabuzz,Electabuzz,Electric Pokémon,medium_fast,humanlike,,-30
126,magmar,Magmar,Spitfire Pokémon,medium_fast,humanlike,,-30
127,pinsir,Pinsir,Stag Beetle Pokémon,slow,bug,,-10
128,tauros,Tauros,Wild Bull Pokémon,slow,field,,-10
129,magikarp,Magikarp,Fish Pokémon,slow,water_2,dragon,80
130,gyarados,Gyarados,Atrocious Pokémon,slow,water_2,dragon,-30
131,lapras,Lapras,Transport Pokémon,slow,monster,water_1,-10
132,ditto,Ditto,Transform Pokémon,medium_fast,ditto,,-13
133,eevee,Eevee,Evolution Pokémon,medium_fast,field,,19
134,vaporeon,Vaporeon,Bubble Jet Pokémon,medium_fast,field,,-30
135,jolteon,Jolteon,Lightning Pokémon,medium_fast,field,,-30
136,flareon,Flareon,Flame Pokémon,medium_fast,field,,-30
137,porygon,Porygon,Virtual Pokémon,medium_fast,mineral,,-10
138,omanyte,Omanyte,Spiral Pokémon,medium_fast,water_1,water_3,19
139,omastar,Omastar,Spiral Pokémon,medium_fast,water_1,water_3,-30
140,kabuto,Kabuto,Shellfish Pokémon,medium_fast,water_1,water_3,19
141,kabutops,Kabutops,Shellfish Pokémon,medium_fast,water_1,water_3,-30
142,aerodactyl,Aerodactyl,Fossil Pokémon,slow,flying,,-10
143,snorlax,Snorlax,Sleeping Pokémon,slow,monster,,-35
144,articuno,Articuno,Freeze Pokémon,slow,undiscovered,,-25
145,zapdos,Zapdos,Electric Pokémon,slow,undiscovered,,-25
146,moltres,Moltres,Flame Pokémon,slow,undiscovered,,-25
147,dratini,Dratini,Dragon Pokémon,slow,water_1,dragon,19
148,dragonair,Dragonair,Dragon Pokémon,slow,water_1,dragon,-11
149,dragonite,Dragonite,Dragon Pokémon,slow,water_1,dragon,-57
150,mewtwo,Mewtwo,Genetic Pokémon,slow,undiscovered,,-25
151,mew,Mew,New Species Pokémon,medium_slow,undiscovered,,-10
152,chikorita,Chikorita,Leaf Pokémon,medium_slow,monster,grass,19
153,bayleef,Bayleef,Leaf Pokémon,medium_slow,monster,grass,-11
154,meganium,Meganium,Herb Pokémon,medium_slow,monster,grass,-57
155,cyndaquil,Cyndaquil,Fire Mouse Pokémon,medium_slow,field,,19
156,quilava,Quilava,Volcano Pokémon,medium_slow,field,,-11
157,typhlosion,Typhlosion,Volcano Pokémon,medium_slow,field,,-57
158,totodile,Totodile,Big Jaw Pokémon,medium_slow,monster,water_1,19
159,croconaw,Croconaw,Big Jaw Pokémon,medium_slow,monster,water_1,-11
160,feraligatr,Feraligatr,Big Jaw Pokémon,medium_slow,monster,water_1,-57
161,sentret,Sentret,Scout Pokémon,medium_fast,field,,80
162,furret,Furret,Long Body Pokémon,medium_fast,field,,-15
163,hoothoot,Hoothoot,Owl Pokémon,medium_fast,flying,,80
164,noctowl,Noctowl,Owl Pokémon,medium_fast,flying,,-15
165,ledyba,Ledyba,Five Star Pokémon,fast,bug,,80
166,ledian,Ledian,Five Star Pokémon,fast,bug,,-15
167,spinarak,Spinarak,String Spit Pokémon,fast,bug,,80
168,ariados,Ariados,Long Leg Pokémon,fast,bug,,-15
169,crobat,Crobat,Bat Pokémon,medium_fast,flying,,-50
170,chinchou,Chinchou,Angler Pokémon,slow,water_2,,48
171,lanturn,Lanturn,Light Pokémon,slow,water_2,,-25
172,pichu,Pichu,Tiny Mouse Pokémon,medium_fast,undiscovered,,48
173,cleffa,Cleffa,Star Shape Pokémon,fast,undiscovered,,40
174,igglybuff,Igglybuff,Balloon Pokémon,fast,undiscovered,,44
175,togepi,Togepi,Spike Ball Pokémon,fast,undiscovered,,48
176,togetic,Togetic,Happiness Pokémon,fast,flying,fairy,-25
177,natu,Natu,Tiny Bird Pokémon,medium_fast,flying,,48
178,xatu,Xatu,Mystic Pokémon,medium_fast,flying,,-25
179,mareep,Mareep,Wool Pokémon,medium_slow,monster,field,69
180,flaaffy,Flaaffy,Wool Pokémon,medium_slow,monster,field,12
181,ampharos,Ampharos,Light Pokémon,medium_slow,monster,field,-57
182,bellossom,Bellossom,Flower Pokémon,medium_slow,grass,,-57
183,marill,Marill,Aqua Mouse Pokémon,fast,water_1,fairy,35
184,azumarill,Azumarill,Aqua Rabbit Pokémon,fast,water_1,fairy,-51
185,sudowoodo,Sudowoodo,Imitation Pokémon,medium_fast,mineral,,-25
186,politoed,Politoed,Frog Pokémon,medium_slow,water_1,,-57
187,hoppip,Hoppip,Cottonweed Pokémon,medium_slow,fairy,grass,80
188,skiploom,Skiploom,Cottonweed Pokémon,medium_slow,fairy,grass,12
189,jumpluff,Jumpluff,Cottonweed Pokémon,medium_slow,fairy,grass,-57
190,aipom,Aipom,Long Tail Pokémon,fast,field,,-10
191,sunkern,Sunkern,Seed Pokémon,medium_slow,grass,,69
192,sunflora,Sunflora,Sun Pokémon,medium_slow,grass,,-12
193,yanma,Yanma,Clear Wing Pokémon,medium_fast,bug,,0
194,wooper,Wooper,Water Fish Pokémon,medium_fast,water_1,field,80
195,quagsire,Quagsire,Water Fish Pokémon,medium_fast,water_1,field,-15
196,espeon,Espeon,Sun Pokémon,medium_fast,field,,-30
197,umbreon,Umbreon,Moonlight Pokémon,medium_fast,field,,-30
198,murkrow,Murkrow,Darkness Pokémon,medium_slow,flying,,-15
199,slowking,Slowking,Royal Pokémon,medium_fast,monster,water_1,-25
200,misdreavus,Misdreavus,Screech Pokémon,fast,amorphous,,-10
201,unown,Unown,Symbol Pokémon,medium_fast,undiscovered,,54
202,wobbuffet,Wobbuffet,Patient Pokémon,medium_fast,amorphous,,-30
203,girafarig,Girafarig,Long Neck Pokémon,medium_fast,field,,-4
204,pineco,Pineco,Bagworm Pokémon,medium_fast,bug,,48
205,forretress,Forretress,Bagworm Pokémon,medium_fast,bug,,-25
206,dunsparce,Dunsparce,Land Snake Pokémon,medium_fast,field,,42
207,gligar,Gligar,Fly Scorpion Pokémon,medium_slow,bug,,-4
208,steelix,Steelix,Iron Snake Pokémon,medium_fast,mineral,,-35
209,snubbull,Snubbull,Fairy Pokémon,fast,field,fairy,48
210,granbull,Granbull,Fairy Pokémon,fast,field,fairy,-25
211,qwilfish,Qwilfish,Balloon Pokémon,medium_fast,water_2,,-10
212,scizor,Scizor,Pincer Pokémon,medium_fast,bug,,-35
213,shuckle,Shuckle,Mold Pokémon,medium_slow,bug,,42
214,heracross,Heracross,Single Horn Pokémon,slow,bug,,-10
215,sneasel,Sneasel,Sharp Claw Pokémon,medium_slow,field,,-4
216,teddiursa,Teddiursa,Little Bear Pokémon,medium_fast,field,,35
217,ursaring,Ursaring,Hibernator Pokémon,medium_fast,field,,-26
218,slugma,Slugma,Lava Pokémon,medium_fast,amorphous,,48
219,magcargo,Magcargo,Lava Pokémon,medium_fast,amorphous,,-25
220,swinub,Swinub,Pig Pokémon,slow,field,,63
221,piloswine,Piloswine,Swine Pokémon,slow,field,,-25
222,corsola,Corsola,Coral Pokémon,fast,water_1,water_3,-4
223,remoraid,Remoraid,Jet Pokémon,medium_fast,water_1,water_2,48
224,octillery,Octillery,Jet Pokémon,medium_fast,water_1,water_2,-25
225,delibird,Delibird,Delivery Pokémon,fast,water_1,field,-10
226,mantine,Mantine,Kite Pokémon,slow,water_1,,-35
227,skarmory,Skarmory,Armor Bird Pokémon,slow,flying,,-15
228,houndour,Houndour,Dark Pokémon,slow,field,,35
229,houndoom,Houndoom,Dark Pokémon,slow,field,,-30
230,kingdra,Kingdra,Dragon Pokémon,medium_fast,water_1,dragon,-57
231,phanpy,Phanpy,Long Nose Pokémon,medium_fast,field,,35
232,donphan,Donphan,Armor Pokémon,medium_fast,field,,-26
233,porygon2,Porygon2,Virtual Pokémon,medium_fast,mineral,,-30
234,stantler,Stantler,Big Horn Pokémon,slow,field,,-10
235,smeargle,Smeargle,Painter Pokémon,fast,field,,-10
236,tyrogue,Tyrogue,Scuffle Pokémon,medium_fast,undiscovered,,25
237,hitmontop,Hitmontop,Handstand Pokémon,medium_fast,humanlike,,-30
238,smoochum,Smoochum,Kiss Pokémon,medium_fast,undiscovered,,19
239,elekid,Elekid,Electric Pokémon,medium_fast,undiscovered,,19
240,magby,Magby,Live Coal Pokémon,medium_fast,undiscovered,,19
241,miltank,Miltank,Milk Cow Pokémon,slow,field,,-10
242,blissey,Blissey,Happiness Pokémon,fast,fairy,,-60
243,raikou,Raikou,Thunder Pokémon,slow,undiscovered,,-25
244,entei,Entei,Volcano Pokémon,slow,undiscovered,,-25
245,suicune,Suicune,Aurora Pokémon,slow,undiscovered,,-25
246,larvitar,Larvitar,Rock Skin Pokémon,slow,monster,,19
247,pupitar,Pupitar,Hard Shell Pokémon,slow,monster,,-11
248,tyranitar,Tyranitar,Armor Pokémon,slow,monster,,-57
249,lugia,Lugia,Diving Pokémon,slow,undiscovered,,-25
250,ho_oh,Ho-Oh,Rainbow Pokémon,slow,undiscovered,,-25
251,celebi,Celebi,Time Travel Pokémon,medium_slow,undiscovered,,-10
252,treecko,Treecko,Wood Gecko Pokémon,medium_slow,monster,dragon,19
253,grovyle,Grovyle,Wood Gecko Pokémon,medium_slow,monster,dragon,-11
254,sceptile,Sceptile,Forest Pokémon,medium_slow,monster,dragon,-57
255,torchic,Torchic,Chick Pokémon,medium_slow,field,,19
256,combusken,Combusken,Young Fowl Pokémon,medium_slow,field,,-11
257,blaziken,Blaziken,Blaze Pokémon,medium_slow,field,,-57
258,mudkip,Mudkip,Mud Fish Pokémon,medium_slow,monster,water_1,19
259,marshtomp,Marshtomp,Mud Fish Pokémon,medium_slow,monster,water_1,-11
260,swampert,Swampert,Mud Fish Pokémon,medium_slow,monster,water_1,-57
261,poochyena,Poochyena,Bite Pokémon,medium_fast,field,,80
262,mightyena,Mightyena,Bite Pokémon,medium_fast,field,,-11
263,zigzagoon,Zigzagoon,Tiny Raccoon Pokémon,medium_fast,field,,80
264,linoone,Linoone,Rushing Pokémon,medium_fast,field,,-15
265,wurmple,Wurmple,Worm Pokémon,medium_fast,bug,,80
266,silcoon,Silcoon,Cocoon Pokémon,medium_fast,bug,,12
267,beautifly,Beautifly,Butterfly Pokémon,medium_fast,bug,,-57
268,cascoon,Cascoon,Cocoon Pokémon,medium_fast,bug,,12
269,dustox,Dustox,Poison Moth Pokémon,medium_fast,bug,,-57
270,lotad,Lotad,Water Weed Pokémon,medium_slow,water_1,grass,80
271,lombre,Lombre,Jolly Pokémon,medium_slow,water_1,grass,12
272,ludicolo,Ludicolo,Carefree Pokémon,medium_slow,water_1,grass,-57
273,seedot,Seedot,Acorn Pokémon,medium_slow,field,grass,80
274,nuzleaf,Nuzleaf,Wily Pokémon,medium_slow,field,grass,12
275,shiftry,Shiftry,Wicked Pokémon,medium_slow,field,grass,-57
276,taillow,Taillow,Tiny Swallow Pokémon,medium_slow,flying,,50
277,swellow,Swellow,Swallow Pokémon,medium_slow,flying,,-30
278,wingull,Wingull,Seagull Pokémon,medium_fast,water_1,flying,48
279,pelipper,Pelipper,Water Bird Pokémon,medium_fast,water_1,flying,-30
280,ralts,Ralts,Feeling Pokémon,slow,humanlike,amorphous,69
281,kirlia,Kirlia,Emotion Pokémon,slow,humanlike,amorphous,12
282,gardevoir,Gardevoir,Embrace Pokémon,slow,humanlike,amorphous,-57
283,surskit,Surskit,Pond Skater Pokémon,medium_fast,water_1,bug,50
284,masquerain,Masquerain,Eyeball Pokémon,medium_fast,water_1,bug,-25
285,shroomish,Shroomish,Mushroom Pokémon,fluctuating,fairy,grass,80
286,breloom,Breloom,Mushroom Pokémon,fluctuating,fairy,grass,-15
287,slakoth,Slakoth,Slacker Pokémon,slow,field,,80
288,vigoroth,Vigoroth,Wild Monkey Pokémon,slow,field,,12
289,slaking,Slaking,Lazy Pokémon,slow,field,,-57
290,nincada,Nincada,Trainee Pokémon,erratic,bug,,80
291,ninjask,Ninjask,Ninja Pokémon,erratic,bug,,-12
292,shedinja,Shedinja,Shed Pokémon,erratic,mineral,,-30
293,whismur,Whismur,Whisper Pokémon,medium_slow,monster,field,48
294,loudred,Loudred,Big Voice Pokémon,medium_slow,monster,field,12
295,exploud,Exploud,Loud Noise Pokémon,medium_slow,monster,field,-57
296,makuhita,Makuhita,Guts Pokémon,fluctuating,humanlike,,46
297,hariyama,Hariyama,Arm Thrust Pokémon,fluctuating,humanlike,,10
298,azurill,Azurill,Polka Dot Pokémon,fast,undiscovered,,40
299,nosepass,Nosepass,Compass Pokémon,medium_fast,mineral,,65
300,skitty,Skitty,Kitten Pokémon,fast,field,fairy,80
301,delcatty,Delcatty,Prim Pokémon,fast,field,fairy,-26
302,sableye,Sableye,Darkness Pokémon,medium_slow,humanlike,,-10
303,mawile,Mawile,Deceiver Pokémon,fast,field,fairy,-10
304,aron,Aron,Iron Armor Pokémon,slow,monster,,46
305,lairon,Lairon,Iron Armor Pokémon,slow,monster,,0
306,aggron,Aggron,Iron Armor Pokémon,slow,monster,,-57
307,meditite,Meditite,Meditate Pokémon,medium_fast,humanlike,,46
308,medicham,Medicham,Meditate Pokémon,medium_fast,humanlike,,-15
309,electrike,Electrike,Lightning Pokémon,slow,field,,35
310,manectric,Manectric,Discharge Pokémon,slow,field,,-30
311,plusle,Plusle,Cheering Pokémon,medium_fast,fairy,,45
312,minun,Minun,Cheering Pokémon,medium_fast,fairy,,45
313,volbeat,Volbeat,Firefly Pokémon,erratic,bug,humanlike,25
314,illumise,Illumise,Firefly Pokémon,fluctuating,bug,humanlike,25
315,roselia,Roselia,Thorn Pokémon,medium_slow,fairy,grass,-5
316,gulpin,Gulpin,Stomach Pokémon,fluctuating,amorphous,,63
317,swalot,Swalot,Poison Bag Pokémon,fluctuating,amorphous,,-25
318,carvanha,Carvanha,Savage Pokémon,slow,water_2,,63
319,sharpedo,Sharpedo,Brutal Pokémon,slow,water_2,,-26
320,wailmer,Wailmer,Ball Whale Pokémon,fluctuating,field,water_2,35
321,wailord,Wailord,Float Whale Pokémon,fluctuating,field,water_2,-26
322,numel,Numel,Numb Pokémon,medium_fast,field,,80
323,camerupt,Camerupt,Eruption Pokémon,medium_fast,field,,-5
324,torkoal,Torkoal,Coal Pokémon,medium_fast,field,,10
325,spoink,Spoink,Bounce Pokémon,fast,field,,80
326,grumpig,Grumpig,Manipulate Pokémon,fast,field,,-26
327,spinda,Spinda,Spot Panda Pokémon,fast,field,humanlike,65
328,trapinch,Trapinch,Ant Pit Pokémon,medium_slow,bug,dragon,80
329,vibrava,Vibrava,Vibration Pokémon,medium_slow,bug,dragon,12
330,flygon,Flygon,Mystic Pokémon,medium_slow,bug,dragon,-57
331,cacnea,Cacnea,Cactus Pokémon,medium_slow,grass,humanlike,48
332,cacturne,Cacturne,Scarecrow Pokémon,medium_slow,grass,humanlike,-26
333,swablu,Swablu,Cotton Bird Pokémon,erratic,flying,dragon,80
334,altaria,Altaria,Humming Pokémon,erratic,flying,dragon,-30
335,zangoose,Zangoose,Cat Ferret Pokémon,erratic,field,,10
336,seviper,Seviper,Fang Snake Pokémon,fluctuating,field,dragon,10
337,lunatone,Lunatone,Meteorite Pokémon,fast,mineral,,-10
338,solrock,Solrock,Meteorite Pokémon,fast,mineral,,-10
339,barboach,Barboach,Whiskers Pokémon,medium_fast,water_2,,48
340,whiscash,Whiscash,Whiskers Pokémon,medium_fast,water_2,,-25
341,corphish,Corphish,Ruffian Pokémon,fluctuating,water_1,water_3,52
342,crawdaunt,Crawdaunt,Rogue Pokémon,fluctuating,water_1,water_3,-4
343,baltoy,Baltoy,Clay Doll Pokémon,medium_fast,mineral,,80
344,claydol,Claydol,Clay Doll Pokémon,medium_fast,mineral,,-15
345,lileep,Lileep,Sea Lily Pokémon,erratic,water_3,,19
346,cradily,Cradily,Barnacle Pokémon,erratic,water_3,,-30
347,anorith,Anorith,Old Shrimp Pokémon,erratic,water_3,,19
348,armaldo,Armaldo,Plate Pokémon,erratic,water_3,,-30
349,feebas,Feebas,Fish Pokémon,erratic,water_1,dragon,80
350,milotic,Milotic,Tender Pokémon,erratic,water_1,dragon,-26
351,castform,Castform,Weather Pokémon,medium_fast,fairy,amorphous,-10
352,kecleon,Kecleon,Color Swap Pokémon,medium_slow,field,,45
353,shuppet,Shuppet,Puppet Pokémon,fast,amorphous,,63
354,banette,Banette,Marionette Pokémon,fast,amorphous,,-30
355,duskull,Duskull,Requiem Pokémon,fast,amorphous,,48
356,dusclops,Dusclops,Beckon Pokémon,fast,amorphous,,-15
357,tropius,Tropius,Fruit Pokémon,slow,monster,grass,45
358,chimecho,Chimecho,Wind Chime Pokémon,fast,amorphous,,-30
359,absol,Absol,Disaster Pokémon,medium_slow,field,,-15
360,wynaut,Wynaut,Bright Pokémon,medium_fast,undiscovered,,35
361,snorunt,Snorunt,Snow Hat Pokémon,medium_fast,fairy,mineral,48
362,glalie,Glalie,Face Pokémon,medium_fast,fairy,mineral,-25
363,spheal,Spheal,Clap Pokémon,medium_slow,water_1,field,80
364,sealeo,Sealeo,Ball Roll Pokémon,medium_slow,water_1,field,12
365,walrein,Walrein,Ice Break Pokémon,medium_slow,water_1,field,-57
366,clamperl,Clamperl,Bivalve Pokémon,erratic,water_1,,80
367,huntail,Huntail,Deep Sea Pokémon,erratic,water_1,,-26
368,gorebyss,Gorebyss,South Sea Pokémon,erratic,water_1,,-26
369,relicanth,Relicanth,Longevity Pokémon,slow,water_1,water_2,-15
370,luvdisc,Luvdisc,Rendezvous Pokémon,fast,water_2,,54
371,bagon,Bagon,Rock Head Pokémon,slow,dragon,,19
372,shelgon,Shelgon,Endurance Pokémon,slow,dragon,,-11
373,salamence,Salamence,Dragon Pokémon,slow,dragon,,-57
374,beldum,Beldum,Iron Ball Pokémon,slow,mineral,,10
375,metang,Metang,Iron Claw Pokémon,slow,mineral,,-25
376,metagross,Metagross,Iron Leg Pokémon,slow,mineral,,-65
377,regirock,Regirock,Rock Peak Pokémon,slow,undiscovered,,-25
378,regice,Regice,Iceberg Pokémon,slow,undiscovered,,-25
379,registeel,Registeel,Iron Pokémon,slow,undiscovered,,-25
380,latias,Latias,Eon Pokémon,slow,undiscovered,,-25
381,latios,Latios,Eon Pokémon,slow,undiscovered,,-25
382,kyogre,Kyogre,Sea Basin Pokémon,slow,undiscovered,,-25
383,groudon,Groudon,Continent Pokémon,slow,undiscovered,,-25
384,rayquaza,Rayquaza,Sky High Pokémon,slow,undiscovered,,-10
385,jirachi,Jirachi,Wish Pokémon,slow,undiscovered,,-25
386,deoxys,Deoxys,DNA Pokémon,slow,undiscovered,,-25
387,turtwig,Turtwig,Tiny Leaf Pokémon,medium_slow,monster,grass,19
388,grotle,Grotle,Grove Pokémon,medium_slow,monster,grass,-11
389,torterra,Torterra,Continent Pokémon,medium_slow,monster,grass,-57
390,chimchar,Chimchar,Chimp Pokémon,medium_slow,field,humanlike,19
391,monferno,Monferno,Playful Pokémon,medium_slow,field,humanlike,-11
392,infernape,Infernape,Flame Pokémon,medium_slow,field,humanlike,-57
393,piplup,Piplup,Penguin Pokémon,medium_slow,water_1,field,19
394,prinplup,Prinplup,Penguin Pokémon,medium_slow,water_1,field,-11
395,empoleon,Empoleon,Emperor Pokémon,medium_slow,water_1,field,-57
396,starly,Starly,Starling Pokémon,medium_slow,flying,,80
397,staravia,Staravia,Starling Pokémon,medium_slow,flying,,12
398,staraptor,Staraptor,Predator Pokémon,medium_slow,flying,,-57
399,bidoof,Bidoof,Plump Mouse Pokémon,medium_fast,water_1,field,80
400,bibarel,Bibarel,Beaver Pokémon,medium_fast,water_1,field,-11
401,kricketot,Kricketot,Cricket Pokémon,medium_slow,bug,,80
402,kricketune,Kricketune,Cricket Pokémon,medium_slow,bug,,-30
403,shinx,Shinx,Flash Pokémon,medium_slow,field,,69
404,luxio,Luxio,Spark Pokémon,medium_slow,field,,12
405,luxray,Luxray,Gleam Eyes Pokémon,medium_slow,field,,-57
406,budew,Budew,Bud Pokémon,medium_slow,undiscovered,,80
407,roserade,Roserade,Bouquet Pokémon,medium_slow,fairy,grass,-51
408,cranidos,Cranidos,Head Butt Pokémon,erratic,monster,,19
409,rampardos,Rampardos,Head Butt Pokémon,erratic,monster,,-30
410,shieldon,Shieldon,Shield Pokémon,erratic,monster,,19
411,bastiodon,Bastiodon,Shield Pokémon,erratic,monster,,-30
412,burmy,Burmy,Bagworm Pokémon,medium_fast,bug,,35
413,wormadam,Wormadam,Bagworm Pokémon,medium_fast,bug,,-30
414,mothim,Mothim,Moth Pokémon,medium_fast,bug,,-30
415,combee,Combee,Tiny Bee Pokémon,medium_slow,bug,,35
416,vespiquen,Vespiquen,Beehive Pokémon,medium_slow,bug,,-30
417,pachirisu,Pachirisu,EleSquirrel Pokémon,medium_fast,field,fairy,45
418,buizel,Buizel,Sea Weasel Pokémon,medium_fast,water_1,field,48
419,floatzel,Floatzel,Sea Weasel Pokémon,medium_fast,water_1,field,-25
420,cherubi,Cherubi,Cherry Pokémon,medium_fast,fairy,grass,48
421,cherrim,Cherrim,Blossom Pokémon,medium_fast,fairy,grass,-25
422,shellos,Shellos,Sea Slug Pokémon,medium_fast,water_1,amorphous,48
423,gastrodon,Gastrodon,Sea Slug Pokémon,medium_fast,water_1,amorphous,-25
424,ambipom,Ambipom,Long Tail Pokémon,fast,field,,-30
425,drifloon,Drifloon,Balloon Pokémon,fluctuating,amorphous,,35
426,drifblim,Drifblim,Blimp Pokémon,fluctuating,amorphous,,-26
427,buneary,Buneary,Rabbit Pokémon,medium_fast,field,humanlike,48
428,lopunny,Lopunny,Rabbit Pokémon,medium_fast,field,humanlike,-26
429,mismagius,Mismagius,Magical Pokémon,fast,amorphous,,-30
430,honchkrow,Honchkrow,Big Boss Pokémon,medium_slow,flying,,-33
431,glameow,Glameow,Catty Pokémon,fast,field,,48
432,purugly,Purugly,Tiger Cat Pokémon,fast,field,,-25
433,chingling,Chingling,Bell Pokémon,fast,undiscovered,,35
434,stunky,Stunky,Skunk Pokémon,medium_fast,field,,63
435,skuntank,Skuntank,Skunk Pokémon,medium_fast,field,,-26
436,bronzor,Bronzor,Bronze Pokémon,medium_fast,mineral,,80
437,bronzong,Bronzong,Bronze Bell Pokémon,medium_fast,mineral,,-15
438,bonsly,Bonsly,Bonsai Pokémon,medium_fast,undiscovered,,80
439,mime_jr,Mime Jr.,Mime Pokémon,medium_fast,undiscovered,,39
440,happiny,Happiny,Playhouse Pokémon,fast,undiscovered,,36
441,chatot,Chatot,Music Note Pokémon,medium_slow,flying,,-15
442,spiritomb,Spiritomb,Forbidden Pokémon,medium_fast,amorphous,,10
443,gible,Gible,Land Shark Pokémon,slow,monster,dragon,19
444,gabite,Gabite,Cave Pokémon,slow,monster,dragon,-11
445,garchomp,Garchomp,Mach Pokémon,slow,monster,dragon,-57
446,munchlax,Munchlax,Big Eater Pokémon,slow,undiscovered,,20
447,riolu,Riolu,Emanation Pokémon,medium_slow,undiscovered,,25
448,lucario,Lucario,Aura Pokémon,medium_slow,field,humanlike,-30
449,hippopotas,Hippopotas,Hippo Pokémon,slow,field,,38
450,hippowdon,Hippowdon,Heavyweight Pokémon,slow,field,,-26
451,skorupi,Skorupi,Scorpion Pokémon,slow,bug,water_3,35
452,drapion,Drapion,Ogre Scorpion Pokémon,slow,bug,water_3,-30
453,croagunk,Croagunk,Toxic Mouth Pokémon,medium_fast,humanlike,,38
454,toxicroak,Toxicroak,Toxic Mouth Pokémon,medium_fast,humanlike,,-25
455,carnivine,Carnivine,Bug Catcher Pokémon,slow,grass,,45
456,finneon,Finneon,Wing Fish Pokémon,erratic,water_2,,48
457,lumineon,Lumineon,Neon Pokémon,erratic,water_2,,-25
458,mantyke,Mantyke,Kite Pokémon,slow,undiscovered,,15
459,snover,Snover,Frost Tree Pokémon,slow,monster,grass,35
460,abomasnow,Abomasnow,Frost Tree Pokémon,slow,monster,grass,-26
461,weavile,Weavile,Sharp Claw Pokémon,medium_slow,field,,-30
462,magnezone,Magnezone,Magnet Area Pokémon,medium_fast,mineral,,-60
463,lickilicky,Lickilicky,Licking Pokémon,medium_fast,monster,,-33
464,rhyperior,Rhyperior,Drill Pokémon,slow,monster,field,-60
465,tangrowth,Tangrowth,Vine Pokémon,medium_fast,grass,,-33
466,electivire,Electivire,Thunderbolt Pokémon,medium_fast,humanlike,,-60
467,magmortar,Magmortar,Blast Pokémon,medium_fast,humanlike,,-60
468,togekiss,Togekiss,Jubilee Pokémon,fast,flying,fairy,-60
469,yanmega,Yanmega,Ogre Darner Pokémon,medium_fast,bug,,-33
470,leafeon,Leafeon,Verdant Pokémon,medium_fast,field,,-30
471,glaceon,Glaceon,Fresh Snow Pokémon,medium_fast,field,,-30
472,gliscor,Gliscor,Fang Scorpion Pokémon,medium_slow,bug,,-33
473,mamoswine,Mamoswine,Twin Tusk Pokémon,slow,field,,-56
474,porygon_z,Porygon-Z,Virtual Pokémon,medium_fast,mineral,,-60
475,gallade,Gallade,Blade Pokémon,slow,humanlike,amorphous,-57
476,probopass,Probopass,Compass Pokémon,medium_fast,mineral,,-26
477,dusknoir,Dusknoir,Gripper Pokémon,fast,amorphous,,-57
478,froslass,Froslass,Snow Land Pokémon,medium_fast,fairy,mineral,-25
479,rotom,Rotom,Plasma Pokémon,medium_fast,amorphous,,-10
480,uxie,Uxie,Knowledge Pokémon,slow,undiscovered,,-25
481,mesprit,Mesprit,Emotion Pokémon,slow,undiscovered,,-25
482,azelf,Azelf,Willpower Pokémon,slow,undiscovered,,-25
483,dialga,Dialga,Temporal Pokémon,slow,undiscovered,,-25
484,palkia,Palkia,Spatial Pokémon,slow,undiscovered,,-25
485,heatran,Heatran,Lava Dome Pokémon,slow,undiscovered,,-25
486,regigigas,Regigigas,Colossal Pokémon,slow,undiscovered,,-25
487,giratina,Giratina,Renegade Pokémon,slow,undiscovered,,-25
488,cresselia,Cresselia,Lunar Pokémon,slow,undiscovered,,-25
489,phione,Phione,Sea Drifter Pokémon,slow,water_1,fairy,-15
490,manaphy,Manaphy,Seafaring Pokémon,slow,water_1,fairy,-25
491,darkrai,Darkrai,Pitch-Black Pokémon,slow,undiscovered,,-25
492,shaymin,Shaymin,Gratitude Pokémon,medium_slow,undiscovered,,-10
493,arceus,Arceus,Alpha Pokémon,slow,undiscovered,,-25
494,victini,Victini,Victory Pokémon,slow,undiscovered,,-25
495,snivy,Snivy,Grass Snake Pokémon,medium_slow,field,grass,19
496,servine,Servine,Grass Snake Pokémon,medium_slow,field,grass,-11
497,serperior,Serperior,Regal Pokémon,medium_slow,field,grass,-57
498,tepig,Tepig,Fire Pig Pokémon,medium_slow,field,,19
499,pignite,Pignite,Fire Pig Pokémon,medium_slow,field,,-11
500,emboar,Emboar,Mega Fire Pig Pokémon,medium_slow,field,,-57
501,oshawott,Oshawott,Sea Otter Pokémon,medium_slow,field,,19
502,dewott,Dewott,Discipline Pokémon,medium_slow,field,,-11
503,samurott,Samurott,Formidable Pokémon,medium_slow,field,,-57
504,patrat,Patrat,Scout Pokémon,medium_fast,field,,80
505,watchog,Watchog,Lookout Pokémon,medium_fast,field,,20
506,lillipup,Lillipup,Puppy Pokémon,medium_slow,field,,80
507,herdier,Herdier,Loyal Dog Pokémon,medium_slow,field,,12
508,stoutland,Stoutland,Big-Hearted Pokémon,medium_slow,field,,-57
509,purrloin,Purrloin,Devious Pokémon,medium_fast,field,,80
510,liepard,Liepard,Cruel Pokémon,medium_fast,field,,-15
511,pansage,Pansage,Grass Monkey Pokémon,medium_fast,field,,48
512,simisage,Simisage,Thorn Monkey Pokémon,medium_fast,field,,-25
513,pansear,Pansear,High Temp Pokémon,medium_fast,field,,48
514,simisear,Simisear,Ember Pokémon,medium_fast,field,,-25
515,panpour,Panpour,Spray Pokémon,medium_fast,field,,48
516,simipour,Simipour,Geyser Pokémon,medium_fast,field,,-25
517,munna,Munna,Dream Eater Pokémon,fast,field,,48
518,musharna,Musharna,Drowsing Pokémon,fast,field,,-25
519,pidove,Pidove,Tiny Pigeon Pokémon,medium_slow,flying,,80
520,tranquill,Tranquill,Wild Pigeon Pokémon,medium_slow,flying,,12
521,unfezant,Unfezant,Proud Pokémon,medium_slow,flying,,-57
522,blitzle,Blitzle,Electrified Pokémon,medium_fast,field,,48
523,zebstrika,Zebstrika,Thunderbolt Pokémon,medium_fast,field,,-25
524,roggenrola,Roggenrola,Mantle Pokémon,medium_slow,mineral,,80
525,boldore,Boldore,Ore Pokémon,medium_slow,mineral,,12
526,gigalith,Gigalith,Compressed Pokémon,medium_slow,mineral,,-57
527,woobat,Woobat,Bat Pokémon,medium_fast,flying,field,48
528,swoobat,Swoobat,Courting Pokémon,medium_fast,flying,field,-30
529,drilbur,Drilbur,Mole Pokémon,medium_fast,field,,35
530,excadrill,Excadrill,Subterrene Pokémon,medium_fast,field,,-26
531,audino,Audino,Hearing Pokémon,fast,fairy,,65
532,timburr,Timburr,Muscular Pokémon,medium_slow,humanlike,,46
533,gurdurr,Gurdurr,Muscular Pokémon,medium_slow,humanlike,,0
534,conkeldurr,Conkeldurr,Muscular Pokémon,medium_slow,humanlike,,-57
535,tympole,Tympole,Tadpole Pokémon,medium_slow,water_1,,80
536,palpitoad,Palpitoad,Vibration Pokémon,medium_slow,water_1,,12
537,seismitoad,Seismitoad,Vibration Pokémon,medium_slow,water_1,,-57
538,throh,Throh,Judo Pokémon,medium_fast,humanlike,,-10
539,sawk,Sawk,Karate Pokémon,medium_fast,humanlike,,-10
540,sewaddle,Sewaddle,Sewing Pokémon,medium_slow,bug,,80
541,swadloon,Swadloon,Leaf-Wrapped Pokémon,medium_slow,bug,,12
542,leavanny,Leavanny,Nurturing Pokémon,medium_slow,bug,,-57
543,venipede,Venipede,Centipede Pokémon,medium_slow,bug,,80
544,whirlipede,Whirlipede,Curlipede Pokémon,medium_slow,bug,,12
545,scolipede,Scolipede,Megapede Pokémon,medium_slow,bug,,-57
546,cottonee,Cottonee,Cotton Puff Pokémon,medium_fast,fairy,grass,48
547,whimsicott,Whimsicott,Windveiled Pokémon,medium_fast,fairy,grass,-25
548,petilil,Petilil,Bulb Pokémon,medium_fast,grass,,48
549,lilligant,Lilligant,Flowering Pokémon,medium_fast,grass,,-25
550,basculin,Basculin,Hostile Pokémon,medium_fast,water_2,,-15
551,sandile,Sandile,Desert Croc Pokémon,medium_slow,field,,46
552,krokorok,Krokorok,Desert Croc Pokémon,medium_slow,field,,0
553,krookodile,Krookodile,Intimidation Pokémon,medium_slow,field,,-57
554,darumaka,Darumaka,Zen Charm Pokémon,medium_slow,field,,35
555,darmanitan,Darmanitan,Blazing Pokémon,medium_slow,field,,-26
556,maractus,Maractus,Cactus Pokémon,medium_fast,grass,,65
557,dwebble,Dwebble,Rock Inn Pokémon,medium_fast,bug,mineral,48
558,crustle,Crustle,Stone Home Pokémon,medium_fast,bug,mineral,-25
559,scraggy,Scraggy,Shedding Pokémon,medium_fast,field,dragon,46
560,scrafty,Scrafty,Hoodlum Pokémon,medium_fast,field,dragon,-15
561,sigilyph,Sigilyph,Avianoid Pokémon,medium_fast,flying,,-10
562,yamask,Yamask,Spirit Pokémon,medium_fast,mineral,amorphous,48
563,cofagrigus,Cofagrigus,Coffin Pokémon,medium_fast,mineral,amorphous,-15
564,tirtouga,Tirtouga,Prototurtle Pokémon,medium_fast,water_1,water_3,19
565,carracosta,Carracosta,Prototurtle Pokémon,medium_fast,water_1,water_3,-30
566,archen,Archen,First Bird Pokémon,medium_fast,flying,water_3,19
567,archeops,Archeops,First Bird Pokémon,medium_fast,flying,water_3,-30
568,trubbish,Trubbish,Trash Bag Pokémon,medium_fast,mineral,,48
569,garbodor,Garbodor,Trash Heap Pokémon,medium_fast,mineral,,-26
570,zorua,Zorua,Tricky Fox Pokémon,medium_slow,field,,25
571,zoroark,Zoroark,Illusion Fox Pokémon,medium_slow,field,,-30
572,minccino,Minccino,Chinchilla Pokémon,fast,field,,80
573,cinccino,Cinccino,Scarf Pokémon,fast,field,,-26
574,gothita,Gothita,Fixation Pokémon,medium_slow,humanlike,,50
575,gothorita,Gothorita,Manipulate Pokémon,medium_slow,humanlike,,10
576,gothitelle,Gothitelle,Astral Body Pokémon,medium_slow,humanlike,,-56
577,solosis,Solosis,Cell Pokémon,medium_slow,amorphous,,50
578,duosion,Duosion,Mitosis Pokémon,medium_slow,amorphous,,10
579,reuniclus,Reuniclus,Multiplying Pokémon,medium_slow,amorphous,,-56
580,ducklett,Ducklett,Water Bird Pokémon,medium_fast,water_1,flying,48
581,swanna,Swanna,White Bird Pokémon,medium_fast,water_1,flying,-30
582,vanillite,Vanillite,Fresh Snow Pokémon,slow,mineral,,80
583,vanillish,Vanillish,Icy Snow Pokémon,slow,mineral,,12
584,vanilluxe,Vanilluxe,Snowstorm Pokémon,slow,mineral,,-57
585,deerling,Deerling,Season Pokémon,medium_fast,field,,48
586,sawsbuck,Sawsbuck,Season Pokémon,medium_fast,field,,-25
587,emolga,Emolga,Sky Squirrel Pokémon,medium_fast,field,,45
588,karrablast,Karrablast,Clamping Pokémon,medium_fast,bug,,50
589,escavalier,Escavalier,Cavalry Pokémon,medium_fast,bug,,-25
590,foongus,Foongus,Mushroom Pokémon,medium_fast,grass,,48
591,amoonguss,Amoonguss,Mushroom Pokémon,medium_fast,grass,,-25
592,frillish,Frillish,Floating Pokémon,medium_fast,amorphous,,48
593,jellicent,Jellicent,Floating Pokémon,medium_fast,amorphous,,-26
594,alomomola,Alomomola,Caring Pokémon,fast,water_1,water_2,0
595,joltik,Joltik,Attaching Pokémon,medium_fast,bug,,48
596,galvantula,Galvantula,EleSpider Pokémon,medium_fast,bug,,-25
597,ferroseed,Ferroseed,Thorn Seed Pokémon,medium_fast,grass,mineral,80
598,ferrothorn,Ferrothorn,Thorn Pod Pokémon,medium_fast,grass,mineral,-15
599,klink,Klink,Gear Pokémon,medium_slow,mineral,,36
600,klang,Klang,Gear Pokémon,medium_slow,mineral,,-7
601,klinklang,Klinklang,Gear Pokémon,medium_slow,mineral,,-60
602,tynamo,Tynamo,EleFish Pokémon,slow,amorphous,,48
603,eelektrik,Eelektrik,EleFish Pokémon,slow,amorphous,,-7
604,eelektross,Eelektross,EleFish Pokémon,slow,amorphous,,-60
605,elgyem,Elgyem,Cerebral Pokémon,medium_fast,humanlike,,80
606,beheeyem,Beheeyem,Cerebral Pokémon,medium_fast,humanlike,,-15
607,litwick,Litwick,Candle Pokémon,medium_slow,amorphous,,48
608,lampent,Lampent,Lamp Pokémon,medium_slow,amorphous,,0
609,chandelure,Chandelure,Luring Pokémon,medium_slow,amorphous,,-57
610,axew,Axew,Tusk Pokémon,slow,monster,dragon,25
611,fraxure,Fraxure,Axe Jaw Pokémon,slow,monster,dragon,-7
612,haxorus,Haxorus,Axe Jaw Pokémon,slow,monster,dragon,-57
613,cubchoo,Cubchoo,Chill Pokémon,medium_fast,field,,35
614,beartic,Beartic,Freezing Pokémon,medium_fast,field,,-26
615,cryogonal,Cryogonal,Crystallizing Pokémon,medium_fast,mineral,,-15
616,shelmet,Shelmet,Snail Pokémon,medium_fast,bug,,50
617,accelgor,Accelgor,Shell Out Pokémon,medium_fast,bug,,-25
618,stunfisk,Stunfisk,Trap Pokémon,medium_fast,water_1,amorphous,0
619,mienfoo,Mienfoo,Martial Arts Pokémon,medium_slow,field,humanlike,46
620,mienshao,Mienshao,Martial Arts Pokémon,medium_slow,field,humanlike,-30
621,druddigon,Druddigon,Cave Pokémon,medium_fast,monster,dragon,-10
622,golett,Golett,Automaton Pokémon,medium_fast,mineral,,48
623,golurk,Golurk,Automaton Pokémon,medium_fast,mineral,,-15
624,pawniard,Pawniard,Sharp Blade Pokémon,medium_fast,humanlike,,35
625,bisharp,Bisharp,Sword Blade Pokémon,medium_fast,humanlike,,-30
626,bouffalant,Bouffalant,Bash Buffalo Pokémon,medium_fast,field,,-10
627,rufflet,Rufflet,Eaglet Pokémon,slow,flying,,48
628,braviary,Braviary,Valiant Pokémon,slow,flying,,-26
629,vullaby,Vullaby,Diapered Pokémon,slow,flying,,48
630,mandibuzz,Mandibuzz,Bone Vulture Pokémon,slow,flying,,-26
631,heatmor,Heatmor,Anteater Pokémon,medium_fast,field,,10
632,durant,Durant,Iron Ant Pokémon,medium_fast,bug,,10
633,deino,Deino,Irate Pokémon,slow,dragon,,19
634,zweilous,Zweilous,Hostile Pokémon,slow,dragon,,-11
635,hydreigon,Hydreigon,Brutal Pokémon,slow,dragon,,-57
636,larvesta,Larvesta,Torch Pokémon,slow,bug,,19
637,volcarona,Volcarona,Sun Pokémon,slow,bug,,-37
638,cobalion,Cobalion,Iron Will Pokémon,slow,undiscovered,,-25
639,terrakion,Terrakion,Cavern Pokémon,slow,undiscovered,,-25
640,virizion,Virizion,Grassland Pokémon,slow,undiscovered,,-25
641,tornadus,Tornadus,Cyclone Pokémon,slow,undiscovered,,-25
642,thundurus,Thundurus,Bolt Strike Pokémon,slow,undiscovered,,-25
643,reshiram,Reshiram,Vast White Pokémon,slow,undiscovered,,-25
644,zekrom,Zekrom,Deep Black Pokémon,slow,undiscovered,,-25
645,landorus,Landorus,Abundance Pokémon,slow,undiscovered,,-25
646,kyurem,Kyurem,Boundary Pokémon,slow,undiscovered,,-25
647,keldeo,Keldeo,Colt Pokémon,slow,undiscovered,,-25
648,meloetta,Meloetta,Melody Pokémon,slow,undiscovered,,-25
649,genesect,Genesect,Paleozoic Pokémon,slow,undiscovered,,-25
650,chespin,Chespin,Spiny Nut Pokémon,medium_slow,field,,19
651,quilladin,Quilladin,Spiny Armor Pokémon,medium_slow,field,,-11
652,chesnaught,Chesnaught,Spiny Armor Pokémon,medium_slow,field,,-57
653,fennekin,Fennekin,Fox Pokémon,medium_slow,field,,19
654,braixen,Braixen,Fox Pokémon,medium_slow,field,,-11
655,delphox,Delphox,Fox Pokémon,medium_slow,field,,-57
656,froakie,Froakie,Bubble Frog Pokémon,medium_slow,water_1,,19
657,frogadier,Frogadier,Bubble Frog Pokémon,medium_slow,water_1,,-11
658,greninja,Greninja,Ninja Pokémon,medium_slow,water_1,,-57
659,bunnelby,Bunnelby,Digging Pokémon,medium_fast,field,,80
660,diggersby,Diggersby,Digging Pokémon,medium_fast,field,,-11
661,fletchling,Fletchling,Tiny Robin Pokémon,medium_slow,flying,,80
662,fletchinder,Fletchinder,Ember Pokémon,medium_slow,flying,,12
663,talonflame,Talonflame,Scorching Pokémon,medium_slow,flying,,-57
664,scatterbug,Scatterbug,Scatterdust Pokémon,medium_fast,bug,,80
665,spewpa,Spewpa,Scatterdust Pokémon,medium_fast,bug,,12
666,vivillon,Vivillon,Scale Pokémon,medium_fast,bug,,-57
667,litleo,Litleo,Lion Cub Pokémon,medium_slow,field,,60
668,pyroar,Pyroar,Royal Pokémon,medium_slow,field,,-25
669,flabebe,Flabébé,Single Bloom Pokémon,medium_fast,fairy,,63
670,floette,Floette,Single Bloom Pokémon,medium_fast,fairy,,12
671,florges,Florges,Garden Pokémon,medium_fast,fairy,,-57
672,skiddo,Skiddo,Mount Pokémon,medium_fast,field,,50
673,gogoat,Gogoat,Mount Pokémon,medium_fast,field,,-30
674,pancham,Pancham,Playful Pokémon,medium_fast,field,humanlike,60
675,pangoro,Pangoro,Daunting Pokémon,medium_fast,field,humanlike,-25
676,furfrou,Furfrou,Poodle Pokémon,medium_fast,field,,35
677,espurr,Espurr,Restraint Pokémon,medium_fast,field,,48
678,meowstic,Meowstic,Constraint Pokémon,medium_fast,field,,-25
679,honedge,Honedge,Sword Pokémon,medium_fast,mineral,,46
680,doublade,Doublade,Sword Pokémon,medium_fast,mineral,,0
681,aegislash,Aegislash,Royal Sword Pokémon,medium_fast,mineral,,-57
682,spritzee,Spritzee,Perfume Pokémon,medium_fast,fairy,,50
683,aromatisse,Aromatisse,Fragrance Pokémon,medium_fast,fairy,,-8
684,swirlix,Swirlix,Cotton Candy Pokémon,medium_fast,fairy,,50
685,slurpuff,Slurpuff,Meringue Pokémon,medium_fast,fairy,,-8
686,inkay,Inkay,Revolving Pokémon,medium_fast,water_1,water_2,48
687,malamar,Malamar,Overturning Pokémon,medium_fast,water_1,water_2,-25
688,binacle,Binacle,Two-Handed Pokémon,medium_fast,water_3,,35
689,barbaracle,Barbaracle,Collective Pokémon,medium_fast,water_3,,-30
690,skrelp,Skrelp,Mock Kelp Pokémon,medium_fast,water_1,dragon,63
691,dragalge,Dragalge,Mock Kelp Pokémon,medium_fast,water_1,dragon,-28
692,clauncher,Clauncher,Water Gun Pokémon,slow,water_1,water_3,63
693,clawitzer,Clawitzer,Howitzer Pokémon,slow,water_1,water_3,-28
694,helioptile,Helioptile,Generator Pokémon,medium_fast,monster,dragon,48
695,heliolisk,Heliolisk,Generator Pokémon,medium_fast,monster,dragon,-25
696,tyrunt,Tyrunt,Royal Heir Pokémon,medium_fast,monster,dragon,19
697,tyrantrum,Tyrantrum,Despot Pokémon,medium_fast,monster,dragon,-30
698,amaura,Amaura,Tundra Pokémon,medium_fast,monster,,19
699,aurorus,Aurorus,Tundra Pokémon,medium_fast,monster,,-30
700,sylveon,Sylveon,Intertwining Pokémon,medium_fast,field,,-30
701,hawlucha,Hawlucha,Wrestling Pokémon,medium_fast,flying,humanlike,10
702,dedenne,Dedenne,Antenna Pokémon,medium_fast,field,fairy,38
703,carbink,Carbink,Jewel Pokémon,slow,fairy,mineral,-4
704,goomy,Goomy,Soft Tissue Pokémon,slow,dragon,,19
705,sliggoo,Sliggoo,Soft Tissue Pokémon,slow,dragon,,-11
706,goodra,Goodra,Dragon Pokémon,slow,dragon,,-57
707,klefki,Klefki,Key Ring Pokémon,fast,mineral,,0
708,phantump,Phantump,Stump Pokémon,medium_fast,grass,amorphous,35
709,trevenant,Trevenant,Elder Tree Pokémon,medium_fast,grass,amorphous,-26
710,pumpkaboo,Pumpkaboo,Pumpkin Pokémon,medium_fast,amorphous,,35
711,gourgeist,Gourgeist,Pumpkin Pokémon,medium_fast,amorphous,,-26
712,bergmite,Bergmite,Ice Chunk Pokémon,medium_fast,monster,mineral,48
713,avalugg,Avalugg,Iceberg Pokémon,medium_fast,monster,mineral,-28
714,noibat,Noibat,Sound Wave Pokémon,medium_fast,flying,dragon,48
715,noivern,Noivern,Sound Wave Pokémon,medium_fast,flying,dragon,-30
716,xerneas,Xerneas,Life Pokémon,slow,undiscovered,,-10
717,yveltal,Yveltal,Destruction Pokémon,slow,undiscovered,,-10
718,zygarde,Zygarde,Order Pokémon,slow,undiscovered,,-25
719,diancie,Diancie,Jewel Pokémon,slow,undiscovered,,-25
720,hoopa,Hoopa,Mischief Pokémon,slow,undiscovered,,-25
721,volcanion,Volcanion,Steam Pokémon,slow,undiscovered,,-25
722,rowlet,Rowlet,Grass Quill Pokémon,medium_slow,flying,,-10
723,dartrix,Dartrix,Blade Quill Pokémon,medium_slow,flying,,-30
724,decidueye,Decidueye,Arrow Quill Pokémon,medium_slow,flying,,-57
725,litten,Litten,Fire Cat Pokémon,medium_slow,field,,-10
726,torracat,Torracat,Fire Cat Pokémon,medium_slow,field,,-30
727,incineroar,Incineroar,Heel Pokémon,medium_slow,field,,-57
728,popplio,Popplio,Sea Lion Pokémon,medium_slow,water_1,field,-10
729,brionne,Brionne,Pop Star Pokémon,medium_slow,water_1,field,-30
730,primarina,Primarina,Soloist Pokémon,medium_slow,water_1,field,-57
731,pikipek,Pikipek,Woodpecker Pokémon,medium_fast,flying,,65
732,trumbeak,Trumbeak,Bugle Beak Pokémon,medium_fast,flying,,-12
733,toucannon,Toucannon,Cannon Pokémon,medium_fast,flying,,-57
734,yungoos,Yungoos,Loitering Pokémon,medium_fast,field,,65
735,gumshoos,Gumshoos,Stakeout Pokémon,medium_fast,field,,-11
736,grubbin,Grubbin,Larva Pokémon,medium_fast,bug,,65
737,charjabug,Charjabug,Battery Pokémon,medium_fast,bug,,-12
738,vikavolt,Vikavolt,Stag Beetle Pokémon,medium_fast,bug,,-57
739,crabrawler,Crabrawler,Boxing Pokémon,medium_fast,water_3,,54
740,crabominable,Crabominable,Woolly Crab Pokémon,medium_fast,water_3,,-26
741,oricorio,Oricorio,Dancing Pokémon,medium_fast,flying,,-10
742,cutiefly,Cutiefly,Bee Fly Pokémon,medium_fast,bug,fairy,42
743,ribombee,Ribombee,Bee Fly Pokémon,medium_fast,bug,fairy,-25
744,rockruff,Rockruff,Puppy Pokémon,medium_fast,field,,42
745,lycanroc,Lycanroc,Wolf Pokémon,medium_fast,field,,-15
746,wishiwashi,Wishiwashi,Small Fry Pokémon,fast,water_2,,-4
747,mareanie,Mareanie,Brutal Star Pokémon,medium_fast,water_1,,42
748,toxapex,Toxapex,Brutal Star Pokémon,medium_fast,water_1,,-25
749,mudbray,Mudbray,Donkey Pokémon,medium_fast,field,,42
750,mudsdale,Mudsdale,Draft Horse Pokémon,medium_fast,field,,-26
751,dewpider,Dewpider,Water Bubble Pokémon,medium_fast,water_1,bug,45
752,araquanid,Araquanid,Water Bubble Pokémon,medium_fast,water_1,bug,-15
753,fomantis,Fomantis,Sickle Grass Pokémon,medium_fast,grass,,42
754,lurantis,Lurantis,Bloom Sickle Pokémon,medium_fast,grass,,-25
755,morelull,Morelull,Illuminating Pokémon,medium_fast,grass,,42
756,shiinotic,Shiinotic,Illuminating Pokémon,medium_fast,grass,,-25
757,salandit,Salandit,Toxic Lizard Pokémon,medium_fast,monster,dragon,17
758,salazzle,Salazzle,Toxic Lizard Pokémon,medium_fast,monster,dragon,-30
759,stufful,Stufful,Flailing Pokémon,medium_fast,field,,24
760,bewear,Bewear,Strong Arm Pokémon,medium_fast,field,,-25
761,bounsweet,Bounsweet,Fruit Pokémon,medium_slow,grass,,57
762,steenee,Steenee,Fruit Pokémon,medium_slow,grass,,-12
763,tsareena,Tsareena,Fruit Pokémon,medium_slow,grass,,-57
764,comfey,Comfey,Posy Picker Pokémon,fast,grass,,-4
765,oranguru,Oranguru,Sage Pokémon,slow,field,,-10
766,passimian,Passimian,Teamwork Pokémon,slow,field,,-10
767,wimpod,Wimpod,Turn Tail Pokémon,medium_fast,bug,water_3,10
768,golisopod,Golisopod,Hard Scale Pokémon,medium_fast,bug,water_3,-30
769,sandygast,Sandygast,Sand Heap Pokémon,medium_fast,amorphous,,24
770,palossand,Palossand,Sand Castle Pokémon,medium_fast,amorphous,,-26
771,pyukumuku,Pyukumuku,Sea Cucumber Pokémon,fast,water_1,,-4
772,type_null,Type: Null,Synthetic Pokémon,slow,undiscovered,,-25
773,silvally,Silvally,Synthetic Pokémon,slow,undiscovered,,-40
774,minior,Minior,Meteor Pokémon,medium_slow,mineral,,-15
775,komala,Komala,Drowsing Pokémon,slow,field,,-10
776,turtonator,Turtonator,Blast Turtle Pokémon,medium_fast,monster,dragon,-1
777,togedemaru,Togedemaru,Roly-Poly Pokémon,medium_fast,field,fairy,38
778,mimikyu,Mimikyu,Disguise Pokémon,medium_fast,amorphous,,-10
779,bruxish,Bruxish,Gnash Teeth Pokémon,medium_fast,water_2,,0
780,drampa,Drampa,Placid Pokémon,medium_fast,monster,dragon,-1
781,dhelmise,Dhelmise,Sea Creeper Pokémon,medium_fast,mineral,,-15
782,jangmo_o,Jangmo-o,Scaly Pokémon,slow,dragon,,-10
783,hakamo_o,Hakamo-o,Scaly Pokémon,slow,dragon,,-30
784,kommo_o,Kommo-o,Scaly Pokémon,slow,dragon,,-57
785,tapu_koko,Tapu Koko,Land Spirit Pokémon,slow,undiscovered,,-25
786,tapu_lele,Tapu Lele,Land Spirit Pokémon,slow,undiscovered,,-25
787,tapu_bulu,Tapu Bulu,Land Spirit Pokémon,slow,undiscovered,,-25
788,tapu_fini,Tapu Fini,Land Spirit Pokémon,slow,undiscovered,,-25
789,cosmog,Cosmog,Nebula Pokémon,slow,undiscovered,,-10
790,cosmoem,Cosmoem,Protostar Pokémon,slow,undiscovered,,-30
791,solgaleo,Solgaleo,Sunne Pokémon,slow,undiscovered,,-57
792,lunala,Lunala,Moone Pokémon,slow,undiscovered,,-57
793,nihilego,Nihilego,Parasite Pokémon,slow,undiscovered,,-10
794,buzzwole,Buzzwole,Swollen Pokémon,slow,undiscovered,,-10
795,pheromosa,Pheromosa,Lissome Pokémon,slow,undiscovered,,-10
796,xurkitree,Xurkitree,Glowing Pokémon,slow,undiscovered,,-10
797,celesteela,Celesteela,Launch Pokémon,slow,undiscovered,,-10
798,kartana,Kartana,Drawn Sword Pokémon,slow,undiscovered,,-10
799,guzzlord,Guzzlord,Junkivore Pokémon,slow,undiscovered,,-10
800,necrozma,Necrozma,Prism Pokémon,slow,undiscovered,,65
801,magearna,Magearna,Artificial Pokémon,slow,undiscovered,,-25
802,marshadow,Marshadow,Gloomdweller Pokémon,slow,undiscovered,,-25
803,poipole,Poipole,Poison Pin Pokémon,slow,undiscovered,,-10
804,naganadel,Naganadel,Poison Pin Pokémon,slow,undiscovered,,-30
805,stakataka,Stakataka,Rampart Pokémon,slow,undiscovered,,-15
806,blacephalon,Blacephalon,Fireworks Pokémon,slow,undiscovered,,-15
807,zeraora,Zeraora,Thunderclap Pokémon,slow,undiscovered,,-25
808,meltan,Meltan,Hex Nut Pokémon,slow,undiscovered,,-25
809,melmetal,Melmetal,Hex Nut Pokémon,slow,undiscovered,,-25
810,grookey,Grookey,Chimp Pokémon,medium_slow,field,grass,-10
811,thwackey,Thwackey,Beat Pokémon,medium_slow,field,grass,-30
812,rillaboom,Rillaboom,Drummer Pokémon,medium_slow,field,grass,-57
813,scorbunny,Scorbunny,Rabbit Pokémon,medium_slow,field,humanlike,-10
814,raboot,Raboot,Rabbit Pokémon,medium_slow,field,humanlike,-30
815,cinderace,Cinderace,Striker Pokémon,medium_slow,field,humanlike,-57
816,sobble,Sobble,Water Lizard Pokémon,medium_slow,water_1,field,-10
817,drizzile,Drizzile,Water Lizard Pokémon,medium_slow,water_1,field,-30
818,inteleon,Inteleon,Secret Agent Pokémon,medium_slow,water_1,field,-57
819,skwovet,Skwovet,Cheeky Pokémon,medium_fast,field,,65
820,greedent,Greedent,Greedy Pokémon,medium_fast,field,,-15
821,rookidee,Rookidee,Tiny Bird Pokémon,medium_slow,flying,,65
822,corvisquire,Corvisquire,Raven Pokémon,medium_slow,flying,,-12
823,corviknight,Corviknight,Raven Pokémon,medium_slow,flying,,-57
824,blipbug,Blipbug,Larva Pokémon,medium_fast,bug,,65
825,dottler,Dottler,Radome Pokémon,medium_fast,bug,,-12
826,orbeetle,Orbeetle,Seven Spot Pokémon,medium_fast,bug,,-57
827,nickit,Nickit,Fox Pokémon,fast,field,,65
828,thievul,Thievul,Fox Pokémon,fast,field,,-11
829,gossifleur,Gossifleur,Flowering Pokémon,medium_fast,grass,,42
830,eldegoss,Eldegoss,Cotton Bloom Pokémon,medium_fast,grass,,-25
831,wooloo,Wooloo,Sheep Pokémon,medium_fast,field,,65
832,dubwool,Dubwool,Sheep Pokémon,medium_fast,field,,-11
833,chewtle,Chewtle,Snapping Pokémon,medium_fast,monster,water_1,65
834,drednaw,Drednaw,Bite Pokémon,medium_fast,monster,water_1,-25
835,yamper,Yamper,Puppy Pokémon,fast,field,,65
836,boltund,Boltund,Dog Pokémon,fast,field,,-30
837,rolycoly,Rolycoly,Coal Pokémon,medium_slow,mineral,,65
838,carkol,Carkol,Coal Pokémon,medium_slow,mineral,,-12
839,coalossal,Coalossal,Coal Pokémon,medium_slow,mineral,,-57
840,applin,Applin,Apple Core Pokémon,erratic,grass,dragon,65
841,flapple,Flapple,Apple Wing Pokémon,erratic,grass,dragon,-30
842,appletun,Appletun,Apple Nectar Pokémon,erratic,grass,dragon,-30
843,silicobra,Silicobra,Sand Snake Pokémon,medium_fast,field,dragon,65
844,sandaconda,Sandaconda,Sand Snake Pokémon,medium_fast,field,dragon,-12
845,cramorant,Cramorant,Gulp Pokémon,medium_fast,water_1,flying,-10
846,arrokuda,Arrokuda,Rush Pokémon,slow,water_2,,65
847,barraskewda,Barraskewda,Skewer Pokémon,slow,water_2,,-26
848,toxel,Toxel,Baby Pokémon,medium_slow,undiscovered,,0
849,toxtricity,Toxtricity,Punk Pokémon,medium_slow,humanlike,,-30
850,sizzlipede,Sizzlipede,Radiator Pokémon,medium_fast,bug,,42
851,centiskorch,Centiskorch,Radiator Pokémon,medium_fast,bug,,-25
852,clobbopus,Clobbopus,Tantrum Pokémon,medium_slow,water_1,humanlike,38
853,grapploct,Grapploct,Jujitsu Pokémon,medium_slow,water_1,humanlike,-30
854,sinistea,Sinistea,Black Tea Pokémon,medium_fast,mineral,amorphous,17
855,polteageist,Polteageist,Black Tea Pokémon,medium_fast,mineral,amorphous,-26
856,hatenna,Hatenna,Calm Pokémon,slow,fairy,,57
857,hattrem,Hattrem,Serene Pokémon,slow,fairy,,-12
858,hatterene,Hatterene,Silent Pokémon,slow,fairy,,-57
859,impidimp,Impidimp,Wily Pokémon,medium_fast,fairy,humanlike,65
860,morgrem,Morgrem,Devious Pokémon,medium_fast,fairy,humanlike,-12
861,grimmsnarl,Grimmsnarl,Bulk Up Pokémon,medium_fast,fairy,humanlike,-57
862,obstagoon,Obstagoon,Blocking Pokémon,medium_fast,field,,-57
863,perrserker,Perrserker,Viking Pokémon,medium_fast,field,,-15
864,cursola,Cursola,Coral Pokémon,fast,water_1,water_3,-33
865,sirfetchd,Sirfetch'd,Wild Duck Pokémon,medium_fast,flying,field,-30
866,mr_rime,Mr. Rime,Comedian Pokémon,medium_fast,humanlike,,-57
867,runerigus,Runerigus,Grudge Pokémon,medium_fast,mineral,amorphous,-15
868,milcery,Milcery,Cream Pokémon,medium_fast,fairy,amorphous,45
869,alcremie,Alcremie,Cream Pokémon,medium_fast,fairy,amorphous,-15
870,falinks,Falinks,Formation Pokémon,medium_fast,fairy,mineral,-10
871,pincurchin,Pincurchin,Sea Urchin Pokémon,medium_fast,water_1,amorphous,0
872,snom,Snom,Worm Pokémon,medium_fast,bug,,42
873,frosmoth,Frosmoth,Frost Moth Pokémon,medium_fast,bug,,-25
874,stonjourner,Stonjourner,Big Rock Pokémon,slow,mineral,,-4
875,eiscue,Eiscue,Penguin Pokémon,slow,water_1,field,-4
876,indeedee,Indeedee,Emotion Pokémon,fast,fairy,,-15
877,morpeko,Morpeko,Two-Sided Pokémon,medium_fast,field,fairy,38
878,cufant,Cufant,Copperderm Pokémon,medium_fast,field,mineral,42
879,copperajah,Copperajah,Copperderm Pokémon,medium_fast,field,mineral,-15
880,dracozolt,Dracozolt,Fossil Pokémon,slow,undiscovered,,-10
881,arctozolt,Arctozolt,Fossil Pokémon,slow,undiscovered,,-10
882,dracovish,Dracovish,Fossil Pokémon,slow,undiscovered,,-10
883,arctovish,Arctovish,Fossil Pokémon,slow,undiscovered,,-10
884,duraludon,Duraludon,Alloy Pokémon,medium_fast,mineral,dragon,-10
885,dreepy,Dreepy,Lingering Pokémon,slow,amorphous,dragon,-10
886,drakloak,Drakloak,Caretaker Pokémon,slow,amorphous,dragon,-30
887,dragapult,Dragapult,Stealth Pokémon,slow,amorphous,dragon,-57
888,zacian,Zacian,Warrior Pokémon,slow,undiscovered,,-25
889,zamazenta,Zamazenta,Warrior Pokémon,slow,undiscovered,,-25
890,eternatus,Eternatus,Gigantic Pokémon,slow,undiscovered,,65
891,kubfu,Kubfu,Wushu Pokémon,slow,undiscovered,,-25
892,urshifu,Urshifu,Wushu Pokémon,slow,undiscovered,,-40
893,zarude,Zarude,Rogue Monkey Pokémon,slow,undiscovered,,-25
894,regieleki,Regieleki,Electron Pokémon,slow,undiscovered,,-25
895,regidrago,Regidrago,Dragon Orb Pokémon,slow,undiscovered,,-25
896,glastrier,Glastrier,Wild Horse Pokémon,slow,undiscovered,,-25
897,spectrier,Spectrier,Swift Horse Pokémon,slow,undiscovered,,-25
898,calyrex,Calyrex,King Pokémon,slow,undiscovered,,-25
